<?xml version="1.0" encoding="UTF-8"?>
<beans xmlns="http://www.coldspringframework.org/schema/beans" 
	   xmlns:xsi="http://www.w3.org/2001/XMLSchema-instance" 
	   xsi:schemaLocation="http://www.coldspringframework.org/schema/beans http://coldspringframework.org/schema/coldspring-beans-2.0.xsd"
	   >
	<bean id="myListFactoryBean" class="coldspring.beans.factory.config.ListFactoryBean">
		<property name="sourceList">
			<list>
				<value>first value</value>
				<value>second value</value>
				<value>third value</value>
			</list>
		</property>
	</bean>
	
	<bean id="myArrayListBean" class="coldspring.beans.factory.config.ListFactoryBean">
		<property name="targetListClass" value="java.util.ArrayList"/>
		<property name="sourceList">
			<list>
				<value>first value</value>
				<value>second value</value>
				<value>third value</value>
			</list>
		</property>
	</bean>	
	
	<bean id="myMapFactoryBean" class="coldspring.beans.factory.config.MapFactoryBean">
		<property name="sourceMap">
			<map>
				<entry key="foo" value="1"/>
				<entry key="bar" value="2"/>
			</map>
		</property>
	</bean>
	
	<bean id="myHashMapBean" class="coldspring.beans.factory.config.MapFactoryBean">
		<property name="targetMapClass" value="java.util.HashMap"/>
		<property name="sourceMap">
			<map>
				<entry key="foo" value="1"/>
				<entry key="bar" value="2"/>
			</map>
		</property>
	</bean>	
	
	<bean id="myJSONFactoryBean" class="coldspring.beans.factory.config.JSONFactoryBean">
		<property name="sourceJSON">
			<value>
			<![CDATA[
				{
					"array" : [1,2,3,4]
					,"struct" : { "foo" : "bar" }
					,"string" : "Frodo Baggins"
				}
			]]>
			</value>
		</property> 
	</bean>
	
	<!-- marker post processor -->
	<bean id="markerBeanPostProcessor" class="unittests.testBeans.MarkerBeanPostProcessor" />
	<bean id="beanCounter" class="unittests.testBeans.BeanCountRegistryPostProcessor" />
	
	<bean id="nameAware" class="unittests.testBeans.BeanNameAwareBean" />
	<bean id="factoryAware" class="unittests.testBeans.BeanFactoryAwareBean" />
	
	<!-- test lazy init's -->
	<bean id="nameToRequest3" class="unittests.testBeans.BeanNameToRequest" init-method="configure"/>
	<bean id="nameToRequest4" class="unittests.testBeans.BeanNameToRequest" init-method="configure" lazy-init="true"/>	
</beans>
